date,revenue,expenses,marketing_spend,employee_costs,operating_costs,profit
2024-01-01,61444.91,74849.21,18548.68,62460.56,20268.21,-13404.300000000003
2024-01-02,68381.25,106840.03,29022.36,56224.55,34577.01,-38458.78
2024-01-03,113751.02,51658.45,7823.96,50113.44,28554.24,62092.57000000001
2024-01-04,94155.34,119210.35,14179.95,48590.11,12391.66,-25055.01000000001
2024-01-05,133750.45,136182.88,21760.48,58948.6,33419.43,-2432.429999999993
2024-01-06,168787.91,57816.48,11157.05,54665.57,33669.67,110971.43
2024-01-07,79245.5,90041.79,14755.69,57152.82,32600.27,-10796.289999999994
2024-01-08,90523.8,134865.31,15086.57,62286.65,30607.88,-44341.509999999995
2024-01-09,73742.85,34200.1,28227.35,77278.3,12207.53,39542.75000000001
2024-01-10,67584.77,97458.72,21103.17,54153.36,25484.05,-29873.949999999997
2024-01-11,84724.05,33079.99,26857.97,63412.34,10018.14,51644.060000000005
2024-01-12,106649.25,32234.44,6685.59,79756.63,33459.5,74414.81
2024-01-13,134601.96,42599.24,11237.61,78569.45,38824.42,92002.72
2024-01-14,61104.07,58073.09,12937.46,58943.6,38160.81,3030.980000000003
2024-01-15,150985.94,140651.95,6816.56,79726.97,38536.26,10333.98999999999
2024-01-16,58564.4,42489.32,10016.29,59581.97,23613.17,16075.080000000002
2024-01-17,141236.51,107148.21,13818.65,57337.26,19154.98,34088.3
2024-01-18,172956.9,34466.1,29695.53,44324.04,30522.37,138490.8
2024-01-19,133574.2,136222.05,13303.1,60827.82,16478.16,-2647.8499999999767
2024-01-20,196897.87,61801.76,20756.42,61878.43,29150.67,135096.11
2024-01-21,108508.26,142076.38,21165.53,55549.7,35089.35,-33568.12000000001
2024-01-22,151645.59,127097.91,9455.22,64378.44,28366.2,24547.679999999993
2024-01-23,69386.98,145087.73,7926.62,57194.05,16317.59,-75700.75000000001
2024-01-24,160068.55,130062.83,27385.7,68400.12,38039.17,30005.719999999987
2024-01-25,66430.16,97227.26,9160.47,55485.2,17956.78,-30797.09999999999
2024-01-26,161131.39,123040.17,18965.69,75583.33,39732.96,38091.220000000016
2024-01-27,134600.44,76300.6,16024.42,75256.47,34245.22,58299.84
2024-01-28,195861.21,86760.47,17665.96,79037.33,35820.47,109100.73999999999
2024-01-29,106108.79,115894.09,25383.19,48761.01,14760.86,-9785.300000000003
2024-01-30,163590.91,143238.47,26328.39,74667.49,39127.62,20352.440000000002
2024-01-31,143099.35,101718.19,18372.55,62634.2,26348.24,41381.16
2024-02-01,71865.71,136900.69,17960.64,58283.22,16188.78,-65034.979999999996
2024-02-02,180072.11,121437.03,25082.23,66518.27,22937.96,58635.07999999999
2024-02-03,105481.47,30944.61,27233.75,53012.97,21037.81,74536.86
2024-02-04,148630.32,50992.23,24642.68,70795.97,34370.91,97638.09
2024-02-05,94340.76,89953.91,5860.14,61487.32,24797.55,4386.849999999991
2024-02-06,196873.73,61887.54,27453.36,73354.23,12896.32,134986.19
2024-02-07,163966.43,70863.93,17351.13,75304.98,20668.43,93102.5
2024-02-08,145822.31,48040.73,27546.46,45542.07,19590.61,97781.57999999999
2024-02-09,117386.18,30334.07,25675.31,70330.88,14703.3,87052.10999999999
2024-02-10,163683.03,137674.32,9246.88,70951.75,23235.42,26008.709999999992
2024-02-11,191765.24,105012.21,20750.84,69784.39,31264.21,86753.02999999998
2024-02-12,196623.74,127583.49,12272.2,41034.88,11140.05,69040.24999999999
2024-02-13,184364.62,86228.4,13418.1,74581.38,33710.14,98136.22
2024-02-14,123181.56,142963.63,14411.67,42837.14,19394.11,-19782.070000000007
2024-02-15,181734.02,130737.0,29516.32,75335.97,11181.19,50997.01999999999
2024-02-16,97205.79,82225.07,11561.72,65265.8,29202.56,14980.719999999987
2024-02-17,106913.7,137524.88,6484.05,50768.36,15870.9,-30611.180000000008
2024-02-18,147790.9,82341.34,21927.68,53206.07,37997.94,65449.56
2024-02-19,166640.09,109940.99,26168.42,72120.68,15996.34,56699.09999999999
2024-02-20,185319.23,116725.47,13824.74,72680.54,11361.42,68593.76000000001
2024-02-21,170152.95,132955.3,16498.96,77435.93,29244.21,37197.65000000002
2024-02-22,99558.3,135049.81,19958.89,78945.28,18288.87,-35491.509999999995
2024-02-23,137463.19,57658.48,5353.51,79057.83,29274.8,79804.70999999999
2024-02-24,97239.29,123675.23,11764.85,79767.22,25185.77,-26435.940000000002
2024-02-25,140025.93,104445.57,23404.77,71374.65,11924.6,35580.359999999986
2024-02-26,60802.7,52437.48,12833.96,70697.05,21763.47,8365.219999999994
2024-02-27,114458.9,91086.45,24119.39,64769.41,19708.58,23372.449999999997
2024-02-28,89671.57,134132.95,26491.99,74930.16,37077.97,-44461.380000000005
2024-02-29,115075.65,108103.52,22871.0,67397.87,28181.77,6972.12999999999
2024-03-01,198382.5,37686.0,17420.86,61236.13,24239.36,160696.5
2024-03-02,122975.21,103193.62,28185.8,45368.0,23645.74,19781.59000000001
2024-03-03,179590.88,94216.55,13477.06,65794.61,36507.98,85374.33
2024-03-04,88954.41,69860.2,29753.41,66810.98,34322.04,19094.210000000006
2024-03-05,57424.14,130598.41,17183.72,47002.7,28103.05,-73174.27
2024-03-06,80848.54,126497.04,10800.78,43444.31,23469.08,-45648.5
2024-03-07,128457.78,92601.8,25092.11,70945.53,24056.32,35855.979999999996
2024-03-08,100427.15,45019.64,29864.49,51847.06,34605.12,55407.509999999995
2024-03-09,131829.0,56968.03,21334.9,42172.12,38902.6,74860.97
2024-03-10,183355.03,40436.61,12778.84,46754.14,20648.85,142918.41999999998
2024-03-11,83195.62,104740.42,26720.75,52850.72,18855.22,-21544.800000000003
2024-03-12,137118.79,56606.34,27203.51,46499.72,34182.28,80512.45000000001
2024-03-13,105040.12,88082.5,17884.73,56411.32,20647.1,16957.619999999995
2024-03-14,105296.69,99391.22,5678.31,57158.71,35470.07,5905.470000000001
2024-03-15,108968.65,39550.04,7249.53,43360.4,26202.81,69418.60999999999
2024-03-16,154471.77,52983.89,26270.07,75132.54,22065.92,101487.87999999999
2024-03-17,78929.55,136417.26,12698.07,47418.92,33876.97,-57487.71000000001
2024-03-18,76771.77,110051.82,17316.81,42207.5,34961.94,-33280.05
2024-03-19,88237.9,138419.69,26619.03,41901.26,24452.86,-50181.79000000001
2024-03-20,182754.22,148156.6,29793.17,47777.51,11009.07,34597.619999999995
2024-03-21,169258.6,82957.41,14297.14,76268.15,29715.15,86301.19
2024-03-22,185079.05,80101.88,5705.01,54176.64,18579.82,104977.16999999998
2024-03-23,187763.08,83633.39,19731.01,71577.4,15387.1,104129.68999999999
2024-03-24,147298.87,105704.63,20114.18,67939.49,15581.78,41594.23999999999
2024-03-25,177352.44,141628.14,11267.65,61999.73,25022.0,35724.29999999999
2024-03-26,195416.95,59353.9,8288.55,79651.62,11619.14,136063.05000000002
2024-03-27,176865.36,80301.94,15130.2,41216.75,38409.57,96563.41999999998
2024-03-28,115007.41,144244.03,10904.39,75444.7,17658.89,-29236.619999999995
2024-03-29,114342.3,70416.54,10323.71,77989.28,20030.38,43925.76000000001
2024-03-30,123825.34,124388.19,22969.79,58724.94,28118.52,-562.8500000000058
2024-03-31,96990.49,36749.52,10472.96,52353.77,25395.54,60240.97000000001
2024-04-01,140319.15,142061.13,5012.22,40727.81,24952.26,-1741.9800000000105
2024-04-02,133120.73,53294.36,13505.62,50928.75,31858.98,79826.37000000001
2024-04-03,132624.87,57539.67,7434.73,70552.48,16157.71,75085.2
2024-04-04,100476.76,89544.96,20038.94,71697.91,19892.43,10931.799999999988
2024-04-05,96703.04,65353.26,10013.01,68290.41,36892.55,31349.77999999999
2024-04-06,133129.49,129594.34,27650.2,79116.05,16215.51,3535.149999999994
2024-04-07,154510.8,92846.47,14421.08,52281.99,28753.31,61664.32999999999
2024-04-08,137717.09,70687.08,9925.27,40766.97,25505.22,67030.01
2024-04-09,125802.72,48584.85,21199.13,61438.12,34324.31,77217.87
2024-04-10,176132.75,104445.69,11797.86,46604.39,33624.31,71687.06
2024-04-11,115116.51,134520.5,20499.33,63683.29,20536.04,-19403.990000000005
2024-04-12,128160.74,147951.85,13416.62,67611.67,22248.88,-19791.11
2024-04-13,182702.72,115949.01,27283.67,74428.45,16942.41,66753.71
2024-04-14,89722.38,60689.2,22064.11,67591.72,24607.23,29033.180000000008
2024-04-15,130218.57,141453.92,7512.24,77446.43,25983.53,-11235.350000000006
2024-04-16,178835.73,103365.63,11286.46,59862.83,32005.38,75470.1
2024-04-17,176162.09,140750.35,18766.22,44384.07,14677.23,35411.73999999999
2024-04-18,66113.29,64330.99,28569.76,73102.95,22665.22,1782.2999999999956
2024-04-19,129859.51,98163.85,21385.9,64973.68,17627.92,31695.65999999999
2024-04-20,115108.53,135517.53,29397.41,47027.87,35804.89,-20409.0
2024-04-21,52046.04,137356.4,18262.6,40591.04,20686.4,-85310.35999999999
2024-04-22,160002.95,129557.6,10492.18,46562.95,32032.85,30445.350000000006
2024-04-23,123523.81,44153.87,7055.89,56807.44,25973.73,79369.94
2024-04-24,79638.91,53908.51,29672.7,77668.15,18322.73,25730.4
2024-04-25,142179.24,88861.39,26801.16,58826.31,35045.2,53317.84999999999
2024-04-26,53095.34,134767.11,11286.47,42075.85,25537.38,-81671.76999999999
2024-04-27,194861.81,148852.37,22799.16,79773.33,38263.83,46009.44
2024-04-28,131243.18,83124.94,17471.5,61761.44,23627.26,48118.23999999999
2024-04-29,95611.03,49316.28,7745.29,68943.89,38290.88,46294.75
2024-04-30,197634.55,100030.8,13110.13,58832.87,25426.7,97603.74999999999
2024-05-01,148350.92,143667.23,9548.22,56376.31,19537.35,4683.690000000002
2024-05-02,147049.53,76112.97,14990.2,46171.68,16083.14,70936.56
2024-05-03,131287.06,56172.87,27406.46,48730.03,35316.11,75114.19
2024-05-04,140686.46,141743.12,5642.68,69180.94,31865.81,-1056.6600000000035
2024-05-05,178486.52,77347.77,23582.54,43804.3,14958.41,101138.74999999999
2024-05-06,196497.62,137775.07,24029.78,48734.03,22273.31,58722.54999999999
2024-05-07,120344.86,135024.19,17188.69,66925.54,12581.4,-14679.330000000002
2024-05-08,196701.29,141885.06,26482.41,68717.4,38451.88,54816.23000000001
2024-05-09,80508.02,101933.52,18810.45,41775.36,34285.65,-21425.5
2024-05-10,108131.05,119576.71,13673.59,58717.12,22597.04,-11445.660000000003
2024-05-11,175291.12,110715.5,25775.47,75819.22,34853.58,64575.619999999995
2024-05-12,175238.83,133559.52,21026.25,52643.62,35226.04,41679.31
2024-05-13,66881.9,109457.02,7207.56,66991.56,29848.19,-42575.12000000001
2024-05-14,100220.92,127851.3,11697.86,48217.15,25540.66,-27630.380000000005
2024-05-15,125142.99,37183.37,21411.37,64477.73,19362.76,87959.62
2024-05-16,131167.13,33884.27,29897.81,41618.35,18708.89,97282.86000000002
2024-05-17,101678.68,85309.86,17014.49,75388.08,35267.33,16368.819999999992
2024-05-18,154533.53,45143.64,8255.04,65385.73,30188.67,109389.89
2024-05-19,64605.0,134717.36,15186.42,61025.38,19074.33,-70112.35999999999
2024-05-20,140291.91,89617.95,12535.24,62211.54,32303.18,50673.96000000001
2024-05-21,153044.66,133344.81,17539.14,67802.89,18318.79,19699.850000000006
2024-05-22,82914.18,33819.62,26760.35,54654.35,32781.08,49094.55999999999
2024-05-23,52850.52,142911.31,17229.53,55875.62,24803.08,-90060.79000000001
2024-05-24,110492.14,67673.43,17950.39,59908.09,15567.39,42818.71000000001
2024-05-25,120846.84,110650.46,12062.82,75916.53,28125.32,10196.37999999999
2024-05-26,192350.93,48309.64,17151.9,45639.63,27433.94,144041.28999999998
2024-05-27,174335.65,78049.62,29607.89,53995.78,30629.69,96286.03
2024-05-28,71593.34,141410.7,5888.9,64379.76,31430.52,-69817.36000000002
2024-05-29,187080.76,110564.53,19813.81,41706.33,16775.22,76516.23000000001
2024-05-30,81905.53,101473.06,18077.63,54128.72,26626.04,-19567.53
2024-05-31,177929.21,45220.43,24524.3,61307.79,35143.92,132708.78
2024-06-01,78678.35,46762.2,8916.58,64166.43,23109.75,31916.15000000001
2024-06-02,119575.38,68988.23,24274.34,44102.36,15014.7,50587.15000000001
2024-06-03,119202.67,66686.86,23445.79,53254.56,11923.33,52515.81
2024-06-04,149044.25,50126.17,29910.46,48049.96,22493.75,98918.08
2024-06-05,113499.63,83988.03,9855.52,59850.8,17314.05,29511.600000000006
2024-06-06,107327.76,63791.35,10793.5,48982.19,39835.36,43536.409999999996
2024-06-07,51550.7,91097.1,29635.25,58458.94,14501.76,-39546.40000000001
2024-06-08,115733.23,46809.82,8761.78,76403.01,39977.39,68923.41
2024-06-09,194594.06,132380.83,24102.23,69249.03,22280.31,62213.23000000001
2024-06-10,90607.15,31313.84,26817.72,66089.4,21091.87,59293.31
2024-06-11,109975.57,59638.02,11176.25,75689.43,15797.09,50337.55000000001
2024-06-12,72243.12,135288.53,28506.07,45622.23,33730.28,-63045.41
2024-06-13,58741.08,118404.34,25686.81,58002.55,27272.33,-59663.259999999995
2024-06-14,59508.84,84644.33,29909.64,78172.13,23744.9,-25135.490000000005
2024-06-15,155302.03,60351.49,9659.32,65843.74,32497.4,94950.54000000001
2024-06-16,67789.51,33725.98,28694.58,43230.25,12700.23,34063.52999999999
2024-06-17,172619.74,42660.45,23708.4,61593.64,17555.07,129959.29
2024-06-18,130351.89,36792.62,8415.87,47402.5,35940.5,93559.26999999999
2024-06-19,193981.21,99420.06,9884.37,40278.41,14135.84,94561.15
2024-06-20,65454.16,63915.33,13089.99,71024.36,11121.59,1538.8300000000017
2024-06-21,55150.05,95792.49,26055.93,62755.83,37764.59,-40642.44
2024-06-22,180819.3,127437.26,5008.57,62841.98,12431.69,53382.03999999999
2024-06-23,182694.92,66375.92,9109.49,49397.53,17406.43,116319.00000000001
2024-06-24,180583.77,125762.89,14343.79,46604.0,20688.8,54820.87999999999
2024-06-25,108769.31,64772.29,13229.18,49420.28,29865.01,43997.02
2024-06-26,118074.73,137948.05,9269.64,79273.32,29941.08,-19873.319999999992
2024-06-27,199574.55,138464.54,13327.65,51575.1,39656.67,61110.00999999998
2024-06-28,169092.76,102855.35,9131.42,59946.24,18327.27,66237.41
2024-06-29,135129.72,140992.22,23936.55,64561.85,12566.45,-5862.5
2024-06-30,120971.68,128577.74,23248.67,70494.25,35340.67,-7606.060000000012
2024-07-01,143194.15,84048.87,13334.18,79580.48,27477.64,59145.28
2024-07-02,140002.4,30260.52,5278.2,68589.43,39413.83,109741.87999999999
2024-07-03,176319.37,109443.41,28242.3,69404.16,25746.19,66875.95999999999
2024-07-04,78082.55,84424.5,14199.18,57435.82,20945.09,-6341.949999999997
2024-07-05,103133.43,47985.24,6985.43,45261.72,24171.11,55148.189999999995
2024-07-06,99385.74,37929.44,14582.44,60368.99,16108.44,61456.3
2024-07-07,197565.18,89123.16,19087.82,53095.9,15591.67,108442.01999999999
2024-07-08,174694.22,69416.47,10263.01,67220.91,32037.78,105277.75
2024-07-09,172372.72,139960.9,21436.08,46269.25,14020.04,32411.820000000007
2024-07-10,105945.93,92079.29,23184.94,41746.22,24896.01,13866.64
2024-07-11,127856.15,124902.96,6310.18,72464.98,30725.44,2953.189999999988
2024-07-12,173514.08,106091.71,9538.06,54044.16,33822.76,67422.36999999998
2024-07-13,146731.5,62718.66,12404.72,68260.62,17853.36,84012.84
2024-07-14,193740.41,85384.25,24315.35,49302.45,37839.68,108356.16
2024-07-15,61822.94,86888.67,25840.18,53127.91,31617.96,-25065.729999999996
2024-07-16,91383.86,127300.49,11462.73,71234.12,32840.77,-35916.630000000005
2024-07-17,50247.51,149233.05,5481.62,67396.44,14531.88,-98985.53999999998
2024-07-18,72407.95,108950.8,12917.39,78918.16,27041.48,-36542.850000000006
2024-07-19,86581.86,71583.44,8757.86,52620.32,17088.09,14998.419999999998
2024-07-20,163111.26,59890.59,7362.44,48958.82,17898.1,103220.67000000001
2024-07-21,123838.29,30329.03,18260.87,77103.04,28372.39,93509.26
2024-07-22,139884.63,136745.01,5750.42,54900.82,26787.51,3139.6199999999953
2024-07-23,53006.28,68675.09,24228.27,56371.37,33037.64,-15668.809999999998
2024-07-24,56911.93,34833.43,26308.91,51176.73,12500.84,22078.5
2024-07-25,120340.47,30138.05,18982.47,54818.34,21929.99,90202.42
2024-07-26,85713.59,58922.2,16260.57,65723.1,37300.91,26791.39
2024-07-27,103008.67,133166.65,12128.11,54482.23,13259.88,-30157.979999999996
2024-07-28,151374.45,139264.94,21096.91,48863.56,27382.23,12109.51000000001
2024-07-29,165912.88,69070.57,9300.38,64908.62,20151.28,96842.31
2024-07-30,141285.62,87098.0,23977.2,63168.28,14678.53,54187.619999999995
2024-07-31,172115.33,126462.62,27070.38,73942.69,29104.46,45652.70999999999
2024-08-01,157232.28,42891.3,21372.88,46901.27,29775.64,114340.98
2024-08-02,100302.97,36359.03,16065.15,63850.61,32454.3,63943.94
2024-08-03,187533.61,70962.88,8382.28,64261.46,23400.94,116570.72999999998
2024-08-04,148689.41,50740.94,18596.78,42202.32,37800.37,97948.47
2024-08-05,85659.45,73622.41,17826.08,60160.99,16342.45,12037.039999999994
2024-08-06,195558.45,117998.43,10399.57,53968.77,20412.57,77560.02000000002
2024-08-07,67958.97,64488.33,15956.58,63049.94,28839.33,3470.6399999999994
2024-08-08,167905.68,105160.81,22935.41,45890.65,11580.73,62744.869999999995
2024-08-09,183134.63,89091.44,13874.2,74153.52,35682.57,94043.19
2024-08-10,104010.66,132110.93,19094.61,62857.91,21914.42,-28100.26999999999
2024-08-11,154821.17,72510.71,29686.54,65066.73,36915.36,82310.46
2024-08-12,163560.73,104905.47,15970.12,67094.4,16575.45,58655.26000000001
2024-08-13,66251.86,89479.36,22748.72,57153.23,37828.81,-23227.5
2024-08-14,184904.53,39428.57,10652.84,57570.01,32461.89,145475.96
2024-08-15,61332.26,72906.05,25099.54,55986.16,27527.18,-11573.79
2024-08-16,146908.45,48160.29,14913.3,51460.27,15265.77,98748.16
2024-08-17,147900.46,33110.51,5730.22,45181.49,19494.0,114789.94999999998
2024-08-18,168319.51,52861.02,13227.93,49941.94,19101.27,115458.49000000002
2024-08-19,167678.85,79859.05,13317.8,53954.79,19424.09,87819.8
2024-08-20,80060.8,105361.56,29107.29,75593.04,11132.46,-25300.759999999995
2024-08-21,175233.22,41865.72,12223.56,58590.04,20478.91,133367.5
2024-08-22,96745.61,129817.49,5534.46,71931.63,22260.01,-33071.880000000005
2024-08-23,128588.9,112175.31,12038.95,55078.84,26190.23,16413.589999999997
2024-08-24,131865.96,93858.59,7069.05,51868.96,18509.3,38007.369999999995
2024-08-25,120362.93,70345.25,12247.46,58918.89,38567.74,50017.67999999999
2024-08-26,166541.39,143933.16,11948.81,60832.2,28100.45,22608.23000000001
2024-08-27,129019.27,145381.86,21968.84,56334.06,27009.9,-16362.589999999982
2024-08-28,125104.28,82390.95,18781.54,44332.47,38595.0,42713.33
2024-08-29,89655.04,139436.29,27934.8,51505.57,34712.1,-49781.250000000015
2024-08-30,95461.67,31014.28,23236.49,76148.33,35552.7,64447.39
2024-08-31,142597.46,84697.23,7313.33,41173.49,38521.08,57900.229999999996
2024-09-01,105633.91,109489.24,7137.02,53922.71,32039.52,-3855.3300000000017
2024-09-02,101541.82,119398.42,20962.36,70753.06,24910.94,-17856.59999999999
2024-09-03,108070.92,97376.77,5909.32,44629.42,33398.93,10694.149999999994
2024-09-04,158681.25,108145.69,21522.09,49731.99,24766.61,50535.56
2024-09-05,68507.73,98430.95,25299.39,68942.0,26604.66,-29923.22
2024-09-06,167892.1,81053.79,19560.61,52634.98,13074.61,86838.31000000001
2024-09-07,100151.22,58742.8,12679.07,66931.42,15519.41,41408.42
2024-09-08,86669.19,141548.73,9469.25,64429.19,27670.71,-54879.54000000001
2024-09-09,183873.67,125433.0,26687.83,69311.77,25026.34,58440.67000000001
2024-09-10,179776.63,100164.38,17561.99,56164.34,29816.7,79612.25
2024-09-11,95024.32,45709.19,21959.96,49198.68,13494.99,49315.130000000005
2024-09-12,73276.81,53573.92,9977.95,62487.15,20174.36,19702.89
2024-09-13,199316.76,124601.15,19613.73,71276.73,12283.64,74715.61000000002
2024-09-14,74958.43,70518.38,13167.88,61823.82,15903.04,4440.049999999988
2024-09-15,192491.2,75136.3,16323.39,51217.93,10120.64,117354.90000000001
2024-09-16,95111.77,112552.47,25732.29,65556.69,24466.92,-17440.699999999997
2024-09-17,135601.03,73954.75,11663.83,79917.99,30009.17,61646.28
2024-09-18,99493.52,108612.83,7125.01,67842.5,28938.86,-9119.309999999998
2024-09-19,98697.11,79050.92,12160.41,50588.88,31921.89,19646.190000000002
2024-09-20,99122.67,78903.93,20019.93,68442.85,32896.37,20218.740000000005
2024-09-21,195445.59,94749.61,25629.94,74470.68,20689.97,100695.98
2024-09-22,143152.23,73965.38,27713.73,40178.66,25424.22,69186.85
2024-09-23,182445.7,83522.56,13805.47,64564.23,15777.54,98923.14000000001
2024-09-24,179005.73,69071.55,24303.36,45611.92,38195.84,109934.18000000001
2024-09-25,113422.92,47674.81,16697.3,62499.34,26413.57,65748.11
2024-09-26,196564.43,113253.7,21877.12,77556.97,39110.0,83310.73
2024-09-27,123294.77,123926.82,19302.78,66628.0,36395.61,-632.0500000000029
2024-09-28,99499.77,78885.25,7468.24,71179.55,33098.33,20614.520000000004
2024-09-29,108778.31,134428.29,10238.0,67436.39,35316.76,-25649.98000000001
2024-09-30,120849.94,110862.66,27018.41,52583.9,24809.25,9987.279999999999
2024-10-01,153580.74,102700.22,16190.74,42473.64,12446.47,50880.51999999999
2024-10-02,86766.52,67967.26,11874.61,44909.97,32109.12,18799.26000000001
2024-10-03,176015.7,33990.52,19067.35,42837.3,37092.07,142025.18000000002
2024-10-04,100314.47,43183.4,18537.31,42803.36,36052.75,57131.07
2024-10-05,184488.31,138654.31,17495.23,78359.31,31276.49,45834.0
2024-10-06,194797.75,32305.66,19242.67,49417.59,11599.65,162492.09
2024-10-07,95168.0,63639.54,16540.38,49053.86,18192.56,31528.46
2024-10-08,60319.55,119167.48,27074.48,68399.47,34816.02,-58847.92999999999
2024-10-09,53683.39,68111.77,8372.27,59916.24,16294.1,-14428.380000000005
2024-10-10,185220.7,69587.95,26692.8,67847.33,11075.91,115632.75000000001
2024-10-11,138709.38,133194.73,28100.32,60024.32,12086.81,5514.649999999994
2024-10-12,172286.03,52867.37,20779.6,43436.68,38437.66,119418.66
2024-10-13,190587.04,138836.35,22334.35,73106.31,11167.07,51750.69
2024-10-14,161234.52,43571.78,27443.27,77064.72,25389.54,117662.73999999999
2024-10-15,167145.36,85646.03,25167.67,71838.6,34621.44,81499.32999999999
2024-10-16,93641.4,57738.57,26537.83,48908.22,28188.38,35902.829999999994
2024-10-17,178430.09,147458.05,29275.3,58306.07,26066.81,30972.040000000008
2024-10-18,55551.14,34454.65,7036.19,55188.29,13868.61,21096.489999999998
2024-10-19,94295.56,45205.34,12973.3,57579.76,24789.19,49090.22
2024-10-20,56233.69,76364.08,23731.37,65001.44,29580.43,-20130.39
2024-10-21,160799.41,65925.55,9884.16,44044.34,13034.97,94873.86
2024-10-22,140886.14,71445.01,9352.31,71319.92,21222.62,69441.13000000002
2024-10-23,183126.72,147021.19,26825.22,69163.12,12499.9,36105.53
2024-10-24,170291.9,60745.01,22114.42,70370.03,17309.05,109546.88999999998
2024-10-25,75608.5,69300.76,13968.07,59280.31,21735.73,6307.740000000005
2024-10-26,63707.49,36312.23,16231.25,57140.44,19807.17,27395.259999999995
2024-10-27,194570.48,105733.76,5884.65,41157.94,17435.67,88836.72000000002
2024-10-28,53543.02,88938.72,27974.0,44448.71,28418.24,-35395.700000000004
2024-10-29,179207.62,78665.69,17774.08,79764.24,19028.67,100541.93
2024-10-30,52236.49,115586.82,23378.86,47426.71,23409.92,-63350.33000000001
2024-10-31,199146.79,134843.46,11882.53,61840.36,17446.72,64303.330000000016
2024-11-01,62049.72,149668.85,24945.85,55440.44,18295.55,-87619.13
2024-11-02,86015.71,87852.59,27981.75,79205.72,33964.28,-1836.87999999999
2024-11-03,191816.28,59008.77,11395.5,57203.76,27567.75,132807.51
2024-11-04,157424.81,139742.61,28780.62,79562.13,17652.24,17682.20000000001
2024-11-05,199786.05,49742.55,9507.75,54221.49,39446.33,150043.5
2024-11-06,81749.77,128990.08,6059.48,65578.56,33019.12,-47240.31
2024-11-07,133029.63,38085.34,14825.63,52059.06,37260.55,94944.29000000001
2024-11-08,103328.96,37688.09,9646.74,75757.21,24282.53,65640.87000000001
2024-11-09,127739.78,141387.65,6369.35,48662.63,32261.34,-13647.869999999995
2024-11-10,176556.98,57975.74,7159.37,60213.51,25289.95,118581.24000000002
2024-11-11,86619.56,50211.91,16429.16,65633.99,17689.24,36407.649999999994
2024-11-12,178119.49,99681.05,9347.33,40268.89,11414.17,78438.43999999999
2024-11-13,56781.42,57047.14,16260.13,75623.89,20957.41,-265.72000000000116
2024-11-14,89916.04,115832.07,8448.29,76069.17,22130.92,-25916.030000000013
2024-11-15,116528.39,122067.1,8778.51,40104.01,37884.38,-5538.710000000006
2024-11-16,189368.13,118243.54,12109.34,61750.17,20783.36,71124.59000000001
2024-11-17,128746.0,107144.23,6806.83,60310.48,34576.96,21601.770000000004
2024-11-18,133413.53,101394.26,7858.39,53408.99,11939.1,32019.270000000004
2024-11-19,67700.81,47192.37,29428.74,58000.53,39750.57,20508.439999999995
2024-11-20,169439.34,104195.58,6370.3,60164.13,38032.87,65243.759999999995
2024-11-21,96543.95,35901.39,15973.35,75148.83,13071.28,60642.56
2024-11-22,121903.39,59918.32,27651.99,43396.4,19371.15,61985.07
2024-11-23,136303.78,101454.89,27310.51,54773.72,27034.49,34848.89
2024-11-24,126999.55,110509.54,15047.51,75310.87,27691.68,16490.01000000001
2024-11-25,91392.77,36118.71,7219.41,61770.01,38696.94,55274.060000000005
2024-11-26,193458.22,133246.03,24345.35,77396.98,28193.99,60212.19
2024-11-27,74213.4,74086.68,5452.05,59890.13,26267.31,126.72000000000116
2024-11-28,171525.18,91950.74,25311.13,66726.63,30206.23,79574.43999999999
2024-11-29,101989.1,123963.66,7782.56,72042.65,10342.8,-21974.559999999998
2024-11-30,66640.98,68438.2,6679.03,71242.67,20594.18,-1797.2200000000012
2024-12-01,73966.08,114198.02,6675.31,57743.88,27612.05,-40231.94
2024-12-02,130996.45,84165.14,5617.39,49901.56,14720.22,46831.31
2024-12-03,69007.79,44100.53,15527.79,55033.29,20333.65,24907.259999999995
2024-12-04,74625.01,36384.74,9603.69,51967.56,31886.75,38240.27
2024-12-05,62816.46,99937.78,27247.91,44578.63,23732.94,-37121.32
2024-12-06,165154.93,42088.62,24959.52,42914.15,26483.14,123066.31
2024-12-07,184265.28,47218.79,13354.34,68489.09,20464.41,137046.49
2024-12-08,175059.25,34800.09,17913.18,63249.15,13095.28,140259.16
2024-12-09,136121.7,44406.91,25643.67,51714.56,22430.16,91714.79000000001
2024-12-10,128909.15,149148.84,25784.6,73033.11,20642.93,-20239.690000000002
2024-12-11,174212.72,106601.97,19642.43,53981.5,39153.0,67610.75
2024-12-12,148253.89,37733.72,10638.2,41290.55,15615.39,110520.17000000001
2024-12-13,135368.41,31039.84,12702.26,70515.17,31891.11,104328.57
2024-12-14,185415.32,129077.75,20193.3,54976.65,21633.92,56337.57000000001
2024-12-15,72007.78,140699.14,16521.15,64731.14,14935.17,-68691.36000000002
2024-12-16,133638.63,32733.21,5505.33,55916.57,30856.22,100905.42000000001
2024-12-17,120758.27,145764.68,20050.16,52548.86,28030.43,-25006.40999999999
2024-12-18,197453.96,105528.14,19888.68,79920.5,37221.51,91925.81999999999
2024-12-19,136609.91,121889.51,19192.05,43665.07,25435.48,14720.400000000009
2024-12-20,150843.71,116865.29,11455.36,47884.65,36408.03,33978.42
2024-12-21,134581.18,52091.4,14166.96,51603.42,32318.0,82489.78
2024-12-22,144306.92,90904.73,6888.87,77422.52,35153.63,53402.19000000002
2024-12-23,139101.49,69868.17,14906.27,52771.56,21190.24,69233.31999999999
2024-12-24,109620.06,56459.26,5019.66,78139.9,10152.96,53160.799999999996
2024-12-25,152761.03,50440.7,14936.48,76172.55,38318.78,102320.33
2024-12-26,91475.73,113647.21,21685.52,51574.79,20343.54,-22171.48000000001
2024-12-27,173102.76,41714.22,17537.58,59801.87,24180.15,131388.54
2024-12-28,87575.72,142088.59,5314.94,41655.61,36270.57,-54512.869999999995
2024-12-29,120716.12,87141.38,6445.88,70704.14,12648.74,33574.73999999999
2024-12-30,194103.88,37955.24,7243.43,48745.75,17770.76,156148.64
